[
  {
    "inputs": [
      { "internalType": "address", "name": "_gasCompLogic", "type": "address" },
      { "internalType": "address", "name": "_userVault", "type": "address" }
    ],
    "stateMutability": "nonpayable",
    "type": "constructor"
  },
  {
    "anonymous": false,
    "inputs": [
      { "indexed": true, "internalType": "address", "name": "account", "type": "address" },
      { "indexed": true, "internalType": "address", "name": "to", "type": "address" }
    ],
    "name": "Delegated",
    "type": "event"
  },
  {
    "anonymous": false,
    "inputs": [
      { "indexed": true, "internalType": "uint256", "name": "id", "type": "uint256" },
      { "indexed": true, "internalType": "address", "name": "proposer", "type": "address" },
      { "indexed": false, "internalType": "address", "name": "target", "type": "address" },
      { "indexed": false, "internalType": "uint256", "name": "startTime", "type": "uint256" },
      { "indexed": false, "internalType": "uint256", "name": "endTime", "type": "uint256" },
      { "indexed": false, "internalType": "string", "name": "description", "type": "string" }
    ],
    "name": "ProposalCreated",
    "type": "event"
  },
  {
    "anonymous": false,
    "inputs": [{ "indexed": true, "internalType": "uint256", "name": "proposalId", "type": "uint256" }],
    "name": "ProposalExecuted",
    "type": "event"
  },
  {
    "anonymous": false,
    "inputs": [
      { "indexed": true, "internalType": "address", "name": "account", "type": "address" },
      { "indexed": true, "internalType": "address", "name": "from", "type": "address" }
    ],
    "name": "Undelegated",
    "type": "event"
  },
  {
    "anonymous": false,
    "inputs": [
      { "indexed": true, "internalType": "uint256", "name": "proposalId", "type": "uint256" },
      { "indexed": true, "internalType": "address", "name": "voter", "type": "address" },
      { "indexed": true, "internalType": "bool", "name": "support", "type": "bool" },
      { "indexed": false, "internalType": "uint256", "name": "votes", "type": "uint256" }
    ],
    "name": "Voted",
    "type": "event"
  },
  {
    "inputs": [],
    "name": "CLOSING_PERIOD",
    "outputs": [{ "internalType": "uint256", "name": "", "type": "uint256" }],
    "stateMutability": "view",
    "type": "function"
  },
  {
    "inputs": [],
    "name": "EXECUTION_DELAY",
    "outputs": [{ "internalType": "uint256", "name": "", "type": "uint256" }],
    "stateMutability": "view",
    "type": "function"
  },
  {
    "inputs": [],
    "name": "EXECUTION_EXPIRATION",
    "outputs": [{ "internalType": "uint256", "name": "", "type": "uint256" }],
    "stateMutability": "view",
    "type": "function"
  },
  {
    "inputs": [],
    "name": "PROPOSAL_THRESHOLD",
    "outputs": [{ "internalType": "uint256", "name": "", "type": "uint256" }],
    "stateMutability": "view",
    "type": "function"
  },
  {
    "inputs": [],
    "name": "QUORUM_VOTES",
    "outputs": [{ "internalType": "uint256", "name": "", "type": "uint256" }],
    "stateMutability": "view",
    "type": "function"
  },
  {
    "inputs": [],
    "name": "VOTE_EXTEND_TIME",
    "outputs": [{ "internalType": "uint256", "name": "", "type": "uint256" }],
    "stateMutability": "view",
    "type": "function"
  },
  {
    "inputs": [],
    "name": "VOTING_DELAY",
    "outputs": [{ "internalType": "uint256", "name": "", "type": "uint256" }],
    "stateMutability": "view",
    "type": "function"
  },
  {
    "inputs": [],
    "name": "VOTING_PERIOD",
    "outputs": [{ "internalType": "uint256", "name": "", "type": "uint256" }],
    "stateMutability": "view",
    "type": "function"
  },
  {
    "inputs": [{ "internalType": "bytes32[]", "name": "domains", "type": "bytes32[]" }],
    "name": "bulkResolve",
    "outputs": [{ "internalType": "address[]", "name": "result", "type": "address[]" }],
    "stateMutability": "view",
    "type": "function"
  },
  {
    "inputs": [{ "internalType": "address", "name": "", "type": "address" }],
    "name": "canWithdrawAfter",
    "outputs": [{ "internalType": "uint256", "name": "", "type": "uint256" }],
    "stateMutability": "view",
    "type": "function"
  },
  {
    "inputs": [
      { "internalType": "address[]", "name": "from", "type": "address[]" },
      { "internalType": "uint256", "name": "proposalId", "type": "uint256" },
      { "internalType": "bool", "name": "support", "type": "bool" }
    ],
    "name": "castDelegatedVote",
    "outputs": [],
    "stateMutability": "nonpayable",
    "type": "function"
  },
  {
    "inputs": [
      { "internalType": "uint256", "name": "proposalId", "type": "uint256" },
      { "internalType": "bool", "name": "support", "type": "bool" }
    ],
    "name": "castVote",
    "outputs": [],
    "stateMutability": "nonpayable",
    "type": "function"
  },
  {
    "inputs": [{ "internalType": "uint256", "name": "proposalId", "type": "uint256" }],
    "name": "checkIfQuorumReached",
    "outputs": [{ "internalType": "bool", "name": "", "type": "bool" }],
    "stateMutability": "view",
    "type": "function"
  },
  {
    "inputs": [{ "internalType": "address", "name": "to", "type": "address" }],
    "name": "delegate",
    "outputs": [],
    "stateMutability": "nonpayable",
    "type": "function"
  },
  {
    "inputs": [{ "internalType": "address", "name": "", "type": "address" }],
    "name": "delegatedTo",
    "outputs": [{ "internalType": "address", "name": "", "type": "address" }],
    "stateMutability": "view",
    "type": "function"
  },
  {
    "inputs": [{ "internalType": "uint256", "name": "proposalId", "type": "uint256" }],
    "name": "execute",
    "outputs": [],
    "stateMutability": "payable",
    "type": "function"
  },
  {
    "inputs": [],
    "name": "gasCompensationVault",
    "outputs": [{ "internalType": "contract IGasCompensationVault", "name": "", "type": "address" }],
    "stateMutability": "view",
    "type": "function"
  },
  {
    "inputs": [
      { "internalType": "uint256", "name": "proposalId", "type": "uint256" },
      { "internalType": "address", "name": "voter", "type": "address" }
    ],
    "name": "getReceipt",
    "outputs": [
      {
        "components": [
          { "internalType": "bool", "name": "hasVoted", "type": "bool" },
          { "internalType": "bool", "name": "support", "type": "bool" },
          { "internalType": "uint256", "name": "votes", "type": "uint256" }
        ],
        "internalType": "struct Governance.Receipt",
        "name": "",
        "type": "tuple"
      }
    ],
    "stateMutability": "view",
    "type": "function"
  },
  {
    "inputs": [
      { "internalType": "uint256", "name": "proposalId", "type": "uint256" },
      { "internalType": "address", "name": "account", "type": "address" }
    ],
    "name": "hasAccountVoted",
    "outputs": [{ "internalType": "bool", "name": "", "type": "bool" }],
    "stateMutability": "view",
    "type": "function"
  },
  {
    "inputs": [{ "internalType": "bytes32", "name": "_torn", "type": "bytes32" }],
    "name": "initialize",
    "outputs": [],
    "stateMutability": "nonpayable",
    "type": "function"
  },
  {
    "inputs": [{ "internalType": "address", "name": "", "type": "address" }],
    "name": "latestProposalIds",
    "outputs": [{ "internalType": "uint256", "name": "", "type": "uint256" }],
    "stateMutability": "view",
    "type": "function"
  },
  {
    "inputs": [
      { "internalType": "address", "name": "owner", "type": "address" },
      { "internalType": "uint256", "name": "amount", "type": "uint256" },
      { "internalType": "uint256", "name": "deadline", "type": "uint256" },
      { "internalType": "uint8", "name": "v", "type": "uint8" },
      { "internalType": "bytes32", "name": "r", "type": "bytes32" },
      { "internalType": "bytes32", "name": "s", "type": "bytes32" }
    ],
    "name": "lock",
    "outputs": [],
    "stateMutability": "nonpayable",
    "type": "function"
  },
  {
    "inputs": [{ "internalType": "uint256", "name": "amount", "type": "uint256" }],
    "name": "lockWithApproval",
    "outputs": [],
    "stateMutability": "nonpayable",
    "type": "function"
  },
  {
    "inputs": [{ "internalType": "address", "name": "", "type": "address" }],
    "name": "lockedBalance",
    "outputs": [{ "internalType": "uint256", "name": "", "type": "uint256" }],
    "stateMutability": "view",
    "type": "function"
  },
  {
    "inputs": [],
    "name": "proposalCount",
    "outputs": [{ "internalType": "uint256", "name": "", "type": "uint256" }],
    "stateMutability": "view",
    "type": "function"
  },
  {
    "inputs": [{ "internalType": "uint256", "name": "", "type": "uint256" }],
    "name": "proposals",
    "outputs": [
      { "internalType": "address", "name": "proposer", "type": "address" },
      { "internalType": "address", "name": "target", "type": "address" },
      { "internalType": "uint256", "name": "startTime", "type": "uint256" },
      { "internalType": "uint256", "name": "endTime", "type": "uint256" },
      { "internalType": "uint256", "name": "forVotes", "type": "uint256" },
      { "internalType": "uint256", "name": "againstVotes", "type": "uint256" },
      { "internalType": "bool", "name": "executed", "type": "bool" },
      { "internalType": "bool", "name": "extended", "type": "bool" }
    ],
    "stateMutability": "view",
    "type": "function"
  },
  {
    "inputs": [
      { "internalType": "address", "name": "target", "type": "address" },
      { "internalType": "string", "name": "description", "type": "string" }
    ],
    "name": "propose",
    "outputs": [{ "internalType": "uint256", "name": "", "type": "uint256" }],
    "stateMutability": "nonpayable",
    "type": "function"
  },
  {
    "inputs": [
      { "internalType": "address", "name": "from", "type": "address" },
      { "internalType": "address", "name": "target", "type": "address" },
      { "internalType": "string", "name": "description", "type": "string" }
    ],
    "name": "proposeByDelegate",
    "outputs": [{ "internalType": "uint256", "name": "", "type": "uint256" }],
    "stateMutability": "nonpayable",
    "type": "function"
  },
  {
    "inputs": [{ "internalType": "bytes32", "name": "node", "type": "bytes32" }],
    "name": "resolve",
    "outputs": [{ "internalType": "address", "name": "", "type": "address" }],
    "stateMutability": "view",
    "type": "function"
  },
  {
    "inputs": [],
    "name": "returnMultisigAddress",
    "outputs": [{ "internalType": "address", "name": "", "type": "address" }],
    "stateMutability": "pure",
    "type": "function"
  },
  {
    "inputs": [{ "internalType": "uint256", "name": "closingPeriod", "type": "uint256" }],
    "name": "setClosingPeriod",
    "outputs": [],
    "stateMutability": "nonpayable",
    "type": "function"
  },
  {
    "inputs": [{ "internalType": "uint256", "name": "executionDelay", "type": "uint256" }],
    "name": "setExecutionDelay",
    "outputs": [],
    "stateMutability": "nonpayable",
    "type": "function"
  },
  {
    "inputs": [{ "internalType": "uint256", "name": "executionExpiration", "type": "uint256" }],
    "name": "setExecutionExpiration",
    "outputs": [],
    "stateMutability": "nonpayable",
    "type": "function"
  },
  {
    "inputs": [{ "internalType": "uint256", "name": "gasCompensationsLimit", "type": "uint256" }],
    "name": "setGasCompensations",
    "outputs": [],
    "stateMutability": "nonpayable",
    "type": "function"
  },
  {
    "inputs": [{ "internalType": "uint256", "name": "proposalThreshold", "type": "uint256" }],
    "name": "setProposalThreshold",
    "outputs": [],
    "stateMutability": "nonpayable",
    "type": "function"
  },
  {
    "inputs": [{ "internalType": "uint256", "name": "quorumVotes", "type": "uint256" }],
    "name": "setQuorumVotes",
    "outputs": [],
    "stateMutability": "nonpayable",
    "type": "function"
  },
  {
    "inputs": [{ "internalType": "uint256", "name": "voteExtendTime", "type": "uint256" }],
    "name": "setVoteExtendTime",
    "outputs": [],
    "stateMutability": "nonpayable",
    "type": "function"
  },
  {
    "inputs": [{ "internalType": "uint256", "name": "votingDelay", "type": "uint256" }],
    "name": "setVotingDelay",
    "outputs": [],
    "stateMutability": "nonpayable",
    "type": "function"
  },
  {
    "inputs": [{ "internalType": "uint256", "name": "votingPeriod", "type": "uint256" }],
    "name": "setVotingPeriod",
    "outputs": [],
    "stateMutability": "nonpayable",
    "type": "function"
  },
  {
    "inputs": [{ "internalType": "uint256", "name": "proposalId", "type": "uint256" }],
    "name": "state",
    "outputs": [{ "internalType": "enum Governance.ProposalState", "name": "", "type": "uint8" }],
    "stateMutability": "view",
    "type": "function"
  },
  {
    "inputs": [],
    "name": "torn",
    "outputs": [{ "internalType": "contract TORN", "name": "", "type": "address" }],
    "stateMutability": "view",
    "type": "function"
  },
  { "inputs": [], "name": "undelegate", "outputs": [], "stateMutability": "nonpayable", "type": "function" },
  {
    "inputs": [{ "internalType": "uint256", "name": "amount", "type": "uint256" }],
    "name": "unlock",
    "outputs": [],
    "stateMutability": "nonpayable",
    "type": "function"
  },
  {
    "inputs": [],
    "name": "userVault",
    "outputs": [{ "internalType": "contract ITornadoVault", "name": "", "type": "address" }],
    "stateMutability": "view",
    "type": "function"
  },
  {
    "inputs": [],
    "name": "version",
    "outputs": [{ "internalType": "string", "name": "", "type": "string" }],
    "stateMutability": "pure",
    "type": "function"
  },
  {
    "inputs": [{ "internalType": "uint256", "name": "amount", "type": "uint256" }],
    "name": "withdrawFromHelper",
    "outputs": [],
    "stateMutability": "nonpayable",
    "type": "function"
  },
  { "stateMutability": "payable", "type": "receive" }
]
