[
  {
    "inputs": [{ "internalType": "address", "name": "_owner", "type": "address" }],
    "stateMutability": "nonpayable",
    "type": "constructor"
  },
  {
    "anonymous": false,
    "inputs": [{ "indexed": false, "internalType": "uint256", "name": "", "type": "uint256" }],
    "name": "DecimalsUpdated",
    "type": "event"
  },
  {
    "anonymous": false,
    "inputs": [{ "indexed": false, "internalType": "uint256", "name": "", "type": "uint256" }],
    "name": "GasPriceUpdated",
    "type": "event"
  },
  {
    "anonymous": false,
    "inputs": [{ "indexed": false, "internalType": "uint256", "name": "", "type": "uint256" }],
    "name": "L1BaseFeeUpdated",
    "type": "event"
  },
  {
    "anonymous": false,
    "inputs": [{ "indexed": false, "internalType": "uint256", "name": "", "type": "uint256" }],
    "name": "OverheadUpdated",
    "type": "event"
  },
  {
    "anonymous": false,
    "inputs": [
      { "indexed": true, "internalType": "address", "name": "previousOwner", "type": "address" },
      { "indexed": true, "internalType": "address", "name": "newOwner", "type": "address" }
    ],
    "name": "OwnershipTransferred",
    "type": "event"
  },
  {
    "anonymous": false,
    "inputs": [{ "indexed": false, "internalType": "uint256", "name": "", "type": "uint256" }],
    "name": "ScalarUpdated",
    "type": "event"
  },
  {
    "inputs": [],
    "name": "decimals",
    "outputs": [{ "internalType": "uint256", "name": "", "type": "uint256" }],
    "stateMutability": "view",
    "type": "function"
  },
  {
    "inputs": [],
    "name": "gasPrice",
    "outputs": [{ "internalType": "uint256", "name": "", "type": "uint256" }],
    "stateMutability": "view",
    "type": "function"
  },
  {
    "inputs": [{ "internalType": "bytes", "name": "_data", "type": "bytes" }],
    "name": "getL1Fee",
    "outputs": [{ "internalType": "uint256", "name": "", "type": "uint256" }],
    "stateMutability": "view",
    "type": "function"
  },
  {
    "inputs": [{ "internalType": "bytes", "name": "_data", "type": "bytes" }],
    "name": "getL1GasUsed",
    "outputs": [{ "internalType": "uint256", "name": "", "type": "uint256" }],
    "stateMutability": "view",
    "type": "function"
  },
  {
    "inputs": [],
    "name": "l1BaseFee",
    "outputs": [{ "internalType": "uint256", "name": "", "type": "uint256" }],
    "stateMutability": "view",
    "type": "function"
  },
  {
    "inputs": [],
    "name": "overhead",
    "outputs": [{ "internalType": "uint256", "name": "", "type": "uint256" }],
    "stateMutability": "view",
    "type": "function"
  },
  {
    "inputs": [],
    "name": "owner",
    "outputs": [{ "internalType": "address", "name": "", "type": "address" }],
    "stateMutability": "view",
    "type": "function"
  },
  {
    "inputs": [],
    "name": "renounceOwnership",
    "outputs": [],
    "stateMutability": "nonpayable",
    "type": "function"
  },
  {
    "inputs": [],
    "name": "scalar",
    "outputs": [{ "internalType": "uint256", "name": "", "type": "uint256" }],
    "stateMutability": "view",
    "type": "function"
  },
  {
    "inputs": [{ "internalType": "uint256", "name": "_decimals", "type": "uint256" }],
    "name": "setDecimals",
    "outputs": [],
    "stateMutability": "nonpayable",
    "type": "function"
  },
  {
    "inputs": [{ "internalType": "uint256", "name": "_gasPrice", "type": "uint256" }],
    "name": "setGasPrice",
    "outputs": [],
    "stateMutability": "nonpayable",
    "type": "function"
  },
  {
    "inputs": [{ "internalType": "uint256", "name": "_baseFee", "type": "uint256" }],
    "name": "setL1BaseFee",
    "outputs": [],
    "stateMutability": "nonpayable",
    "type": "function"
  },
  {
    "inputs": [{ "internalType": "uint256", "name": "_overhead", "type": "uint256" }],
    "name": "setOverhead",
    "outputs": [],
    "stateMutability": "nonpayable",
    "type": "function"
  },
  {
    "inputs": [{ "internalType": "uint256", "name": "_scalar", "type": "uint256" }],
    "name": "setScalar",
    "outputs": [],
    "stateMutability": "nonpayable",
    "type": "function"
  },
  {
    "inputs": [{ "internalType": "address", "name": "newOwner", "type": "address" }],
    "name": "transferOwnership",
    "outputs": [],
    "stateMutability": "nonpayable",
    "type": "function"
  }
]
